{
  "kind": "collectionType",
  "collectionName": "use_cases",
  "info": {
    "singularName": "use-case",
    "pluralName": "use-cases",
    "displayName": "Use Case"
  },
  "options": {
    "draftAndPublish": true
  },
  "pluginOptions": {},
  "attributes": {
    "Title": {
      "type": "string"
    },
    "Description": {
      "type": "string"
    },
    "image": {
      "allowedTypes": [
        "images",
        "files",
        "videos",
        "audios"
      ],
      "type": "media",
      "multiple": true
    }
  }
}
