{
    "taskDefinitionArn": "arn:aws:ecs:eu-west-3:253053805092:task-definition/Strapi:1",
    "containerDefinitions": [
        {
            "name": "strapi",
            "image": "253053805092.dkr.ecr.eu-west-3.amazonaws.com/quivr-strapi",
            "cpu": 512,
            "memory": 2048,
            "portMappings": [
                {
                    "name": "strapi-1337-tcp",
                    "containerPort": 1337,
                    "hostPort": 1337,
                    "protocol": "tcp",
                    "appProtocol": "http"
                }
            ],
            "essential": true,
            "environment": [],
            "environmentFiles": [
                {
                    "value": "arn:aws:s3:::quivr-env-variables/strapi.env",
                    "type": "s3"
                }
            ],
            "mountPoints": [],
            "volumesFrom": [],
            "ulimits": [],
            "logConfiguration": {
                "logDriver": "awslogs",
                "options": {
                    "awslogs-create-group": "true",
                    "awslogs-group": "/ecs/Strapi",
                    "awslogs-region": "eu-west-3",
                    "awslogs-stream-prefix": "ecs"
                },
                "secretOptions": []
            }
        }
    ],
    "family": "Strapi",
    "taskRoleArn": "arn:aws:iam::253053805092:role/ecsTaskExecutionRole",
    "executionRoleArn": "arn:aws:iam::253053805092:role/ecsTaskExecutionRole",
    "networkMode": "awsvpc",
    "revision": 1,
    "volumes": [],
    "status": "ACTIVE",
    "requiresAttributes": [
        {
            "name": "com.amazonaws.ecs.capability.logging-driver.awslogs"
        },
        {
            "name": "ecs.capability.execution-role-awslogs"
        },
        {
            "name": "com.amazonaws.ecs.capability.ecr-auth"
        },
        {
            "name": "com.amazonaws.ecs.capability.docker-remote-api.1.19"
        },
        {
            "name": "ecs.capability.env-files.s3"
        },
        {
            "name": "com.amazonaws.ecs.capability.task-iam-role"
        },
        {
            "name": "ecs.capability.execution-role-ecr-pull"
        },
        {
            "name": "com.amazonaws.ecs.capability.docker-remote-api.1.18"
        },
        {
            "name": "ecs.capability.task-eni"
        },
        {
            "name": "com.amazonaws.ecs.capability.docker-remote-api.1.29"
        }
    ],
    "placementConstraints": [],
    "compatibilities": [
        "EC2",
        "FARGATE"
    ],
    "requiresCompatibilities": [
        "FARGATE"
    ],
    "cpu": "1024",
    "memory": "2048",
    "runtimePlatform": {
        "cpuArchitecture": "X86_64",
        "operatingSystemFamily": "LINUX"
    },
    "registeredAt": "2023-09-21T07:48:32.167Z",
    "registeredBy": "arn:aws:iam::253053805092:root",
    "tags": []
}